{"angry": {"precision": 0.4339197113216058, "recall": 0.3844924060751399, "f1-score": 0.4077134986225896, "support": 2502.0}, "calm": {"precision": 0.4295511221945137, "recall": 0.5425196850393701, "f1-score": 0.4794711203897008, "support": 2540.0}, "disgust": {"precision": 0.5599164926931106, "recall": 0.5244427062964412, "f1-score": 0.5415993537964459, "support": 2557.0}, "fearful": {"precision": 0.27461368653421636, "recall": 0.5437062937062938, "f1-score": 0.36491639777060725, "support": 2288.0}, "happy": {"precision": 0.6156103286384976, "recall": 0.4716726618705036, "f1-score": 0.5341140529531568, "support": 2224.0}, "neutral": {"precision": 0.10471976401179942, "recall": 0.06217162872154115, "f1-score": 0.07802197802197801, "support": 1142.0}, "sad": {"precision": 0.26259168704156477, "recall": 0.20511841100076394, "f1-score": 0.2303238258631782, "support": 2618.0}, "surprised": {"precision": 0.22678718159408381, "recall": 0.13000471031559113, "f1-score": 0.1652694610778443, "support": 2123.0}, "accuracy": 0.38112704234744915, "macro avg": {"precision": 0.363463746753674, "recall": 0.3580160628782056, "f1-score": 0.3501787110619376, "support": 17994.0}, "weighted avg": {"precision": 0.38314944533176853, "recall": 0.38112704234744915, "f1-score": 0.3717116638739138, "support": 17994.0}}