{"angry": {"precision": 0.3748378728923476, "recall": 0.11550759392486011, "f1-score": 0.17659639474488237, "support": 2502}, "calm": {"precision": 0.39332659251769464, "recall": 0.3062992125984252, "f1-score": 0.34440017706949977, "support": 2540}, "disgust": {"precision": 0.48158914728682173, "recall": 0.3887368009385999, "f1-score": 0.4302099112746159, "support": 2557}, "fearful": {"precision": 0.30318257956448913, "recall": 0.5537587412587412, "f1-score": 0.39183547239833, "support": 2288}, "happy": {"precision": 0.45590012082158676, "recall": 0.5089928057553957, "f1-score": 0.4809857658806033, "support": 2224}, "sad": {"precision": 0.2629995702621401, "recall": 0.23376623376623376, "f1-score": 0.24752275025278056, "support": 2618}, "surprised": {"precision": 0.22262295081967212, "recall": 0.3198304286387188, "f1-score": 0.2625169147496617, "support": 2123}, "accuracy": 0.34126513173510564, "macro avg": {"precision": 0.356351262023536, "recall": 0.3466988309829964, "f1-score": 0.3334381980529105, "support": 16852}, "weighted avg": {"precision": 0.35824129853259007, "recall": 0.34126513173510564, "f1-score": 0.33160676755747504, "support": 16852}}