batch_size;36
loss_train;[1.892107367515564, 0.256778359413147, 0.1305573284626007, 0.10279782116413116, 0.08844703435897827]
loss_val;[2.2415435314178467, 3.3674628734588623, 3.8412563800811768, 3.696577310562134, 4.119560718536377]
accuracy_train;[0.4598962664604187, 0.9108370542526245, 0.9552527070045471, 0.9660776853561401, 0.9714148044586182]
accuracy_val;[0.45056432485580444, 0.42133182287216187, 0.45993226766586304, 0.3900677263736725, 0.42268621921539307]
loss_test;2.140220880508423
accuracy_test;0.4413706660270691
mean_epoch_time;542.5450249195098
