batch_size;36
loss_train;[1.832572102546692, 1.2935669422149658, 0.9169796705245972, 0.6560418009757996]
loss_val;[1.700929880142212, 1.8826637268066406, 3.434248208999634, 4.448023319244385]
accuracy_train;[0.34091243147850037, 0.5496127009391785, 0.6830913424491882, 0.7788413166999817]
accuracy_val;[0.34009748697280884, 0.27502551674842834, 0.17174923419952393, 0.1684616208076477]
loss_test;1.8519688844680786
accuracy_test;0.26264309883117676
mean_epoch_time;611.189567387104
