batch_size;42
loss_train;[0.26406538486480713, 0.03012649156153202, 0.013660000637173653, 0.010149226523935795, 0.009534438140690327, 0.010148423723876476]
loss_val;[2.103760242462158, 2.0019657611846924, 2.505864381790161, 3.3125455379486084, 2.8187997341156006, 2.7014031410217285]
accuracy_train;[0.9080026745796204, 0.9903208017349243, 0.9955675005912781, 0.9969846606254578, 0.9969846606254578, 0.9969545006752014]
accuracy_val;[0.5761851072311401, 0.6232505440711975, 0.6273137927055359, 0.5481941103935242, 0.6325056552886963, 0.6148984432220459]
loss_test;1.8827893733978271
accuracy_test;0.562044620513916
mean_epoch_time;567.1844526131948
