batch_size;64
loss_train;[1.5802866220474243, 0.901856541633606, 0.5830853581428528, 0.4072774052619934, 0.30216503143310547, 0.23571571707725525]
loss_val;[1.3964967727661133, 1.252180576324463, 1.2766222953796387, 1.3060290813446045, 1.3405224084854126, 1.4151993989944458]
accuracy_train;[0.4851948022842407, 0.7364310622215271, 0.832981526851654, 0.888252317905426, 0.9177119731903076, 0.9379146099090576]
accuracy_val;[0.4844243824481964, 0.5272008776664734, 0.5378103852272034, 0.5509029626846313, 0.5541760921478271, 0.551805853843689]
loss_test;1.215169906616211
accuracy_test;0.5240209698677063
mean_epoch_time;189.5324965318044
