batch_size;64
loss_train;[1.9434149265289307, 1.7963457107543945, 1.5160454511642456, 1.2904671430587769, 1.1063379049301147, 0.9424693584442139, 0.8165964484214783]
loss_val;[1.9411628246307373, 1.772985577583313, 1.691832184791565, 1.7864623069763184, 2.029675245285034, 2.209836483001709, 2.409135103225708]
accuracy_train;[0.1627366989850998, 0.28732964396476746, 0.4163852334022522, 0.514955997467041, 0.5945000648498535, 0.6572186946868896, 0.7085092067718506]
accuracy_val;[0.18047404289245605, 0.33363431692123413, 0.3602708876132965, 0.3524830639362335, 0.32934537529945374, 0.33465009927749634, 0.3435665965080261]
loss_test;1.7257921695709229
accuracy_test;0.31807833909988403
mean_epoch_time;120.65233097757611
