{"angry": {"precision": 0.5372104484967964, "recall": 0.43565147881694644, "f1-score": 0.481129993378945, "support": 2502.0}, "calm": {"precision": 0.6450760079312624, "recall": 0.384251968503937, "f1-score": 0.4816185541574143, "support": 2540.0}, "disgust": {"precision": 0.6998158379373849, "recall": 0.5944466171294486, "f1-score": 0.6428420384859379, "support": 2557.0}, "fearful": {"precision": 0.33096366508688785, "recall": 0.5493881118881119, "f1-score": 0.4130791981597108, "support": 2288.0}, "happy": {"precision": 0.44364508393285373, "recall": 0.7486510791366906, "f1-score": 0.5571356867993977, "support": 2224.0}, "sad": {"precision": 0.3228621291448517, "recall": 0.3533231474407945, "f1-score": 0.33740652927229625, "support": 2618.0}, "surprised": {"precision": 0.23407202216066483, "recall": 0.07960433349034385, "f1-score": 0.11880492091388398, "support": 2123.0}, "accuracy": 0.4511037265606456, "macro avg": {"precision": 0.4590921706701002, "recall": 0.44933096234375325, "f1-score": 0.43314527445251233, "support": 16852.0}, "weighted avg": {"precision": 0.4663020525411859, "recall": 0.4511037265606456, "f1-score": 0.43855884031383946, "support": 16852.0}}