{"angry": {"precision": 0.5150501672240803, "recall": 0.12310151878497202, "f1-score": 0.19870967741935486, "support": 2502.0}, "calm": {"precision": 0.4093552465233881, "recall": 0.6374015748031496, "f1-score": 0.49853733641262515, "support": 2540.0}, "disgust": {"precision": 0.533292608430055, "recall": 0.3414157215486899, "f1-score": 0.4163090128755365, "support": 2557.0}, "fearful": {"precision": 0.39701104613385313, "recall": 0.5340909090909091, "f1-score": 0.45546030562802836, "support": 2288.0}, "happy": {"precision": 0.5163881748071979, "recall": 0.7225719424460432, "f1-score": 0.6023238380809596, "support": 2224.0}, "sad": {"precision": 0.34516129032258064, "recall": 0.4087089381207028, "f1-score": 0.3742567331234697, "support": 2618.0}, "surprised": {"precision": 0.2099125364431487, "recall": 0.13565708902496468, "f1-score": 0.1648068669527897, "support": 2123.0}, "accuracy": 0.4146095418941372, "macro avg": {"precision": 0.4180244385549006, "recall": 0.41470681340277593, "f1-score": 0.3872005386418234, "support": 16852.0}, "weighted avg": {"precision": 0.4212041414418758, "recall": 0.4146095418941372, "f1-score": 0.3880435019191218, "support": 16852.0}}