batch_size;36
loss_train;[1.8351744413375854, 1.538617491722107, 1.276210904121399, 1.0399256944656372, 0.830057680606842, 0.6629734039306641, 0.5301897525787354, 0.4303656816482544, 0.3559873402118683, 0.29981911182403564, 0.25615930557250977]
loss_val;[1.7510205507278442, 1.5712716579437256, 1.482959508895874, 1.4795745611190796, 1.5253393650054932, 1.4918956756591797, 1.479335069656372, 1.4854315519332886, 1.534974217414856, 1.596645712852478, 1.6612378358840942]
accuracy_train;[0.31069836020469666, 0.4922807812690735, 0.5776745676994324, 0.6532987356185913, 0.7227113842964172, 0.7768664956092834, 0.825955867767334, 0.8612350821495056, 0.8857797384262085, 0.9039922952651978, 0.918707013130188]
accuracy_val;[0.42686229944229126, 0.45530474185943604, 0.46162527799606323, 0.4697516858577728, 0.4828442335128784, 0.50180584192276, 0.5119639039039612, 0.5126410722732544, 0.500677227973938, 0.4914221167564392, 0.4887133240699768]
loss_test;1.6926310062408447
accuracy_test;0.4831511974334717
mean_epoch_time;302.69776942513204
